{"$schema":"http://schema.management.azure.com/schemas/2015-01-01/deploymentTemplate.json#","contentVersion":"1.0.0.0","parameters":{"demodwh":{"type":"string"},"metalineage":{"type":"string"}},"variables":{},"resources":[{"name":"pipeline_datalineage","type":"pipelines","apiVersion":"2018-06-01","properties":{"activities":[{"name":"objects","type":"Copy","dependsOn":[],"policy":{"timeout":"0.12:00:00","retry":0,"retryIntervalInSeconds":30,"secureOutput":false,"secureInput":false},"typeProperties":{"source":{"type":"DataWarehouseSource","sqlReaderQuery":"SELECT\n    @@SERVERNAME AS server_name,\n    DB_NAME() AS database_name,\n    o.object_id,\n    OBJECT_SCHEMA_NAME(o.object_id) AS schema_name,\n    o.name AS object_name,\n    o.type AS object_type_code,\n    o.create_date,\n    o.modify_date\nFROM sys.objects o\nWHERE o.type IN ('U', 'V', 'P', 'FN', 'IF', 'TF')\n  AND OBJECT_SCHEMA_NAME(o.object_id) NOT IN (\n      'sys', 'INFORMATION_SCHEMA', 'tempdb', 'master', 'msdb', 'model'\n  )\n  AND o.is_ms_shipped = 0;","queryTimeout":"02:00:00","partitionOption":"None","datasetSettings":{"annotations":[],"connectionSettings":{"name":"demodwh","properties":{"annotations":[],"type":"DataWarehouse","typeProperties":{"endpoint":"yndfhalt62tejhuwlqaqhskcgu-ixtg7yeyrxjuzondew5gtygzoa.datawarehouse.fabric.microsoft.com","artifactId":"[parameters('demodwh')]","workspaceId":"e06fe645-8d98-4cd3-b9a3-25ba69e0d970"},"externalReferences":{"connection":"beac3039-65e0-4a6b-8891-ef7cefafe767"}}},"type":"DataWarehouseTable","schema":[],"typeProperties":{}}},"sink":{"type":"FabricSqlDatabaseSink","preCopyScript":"drop table if exists raw.objects;","writeBehavior":"insert","sqlWriterUseTableLock":false,"tableOption":"autoCreate","datasetSettings":{"annotations":[],"connectionSettings":{"name":"metalineage","properties":{"annotations":[],"type":"FabricSqlDatabase","typeProperties":{"workspaceId":"e06fe645-8d98-4cd3-b9a3-25ba69e0d970","artifactId":"[parameters('metalineage')]"},"externalReferences":{"connection":"0af9e0f8-1e97-40e0-9b07-58be18e06ae7"}}},"type":"FabricSqlDatabaseTable","schema":[],"typeProperties":{"schema":"raw","table":"objects"}}},"enableStaging":false,"translator":{"type":"TabularTranslator","typeConversion":true,"typeConversionSettings":{"allowDataTruncation":true,"treatBooleanAsNumber":false}}}},{"name":"definitions","type":"Copy","dependsOn":[],"policy":{"timeout":"0.12:00:00","retry":0,"retryIntervalInSeconds":30,"secureOutput":false,"secureInput":false},"typeProperties":{"source":{"type":"DataWarehouseSource","sqlReaderQuery":"SELECT\n    @@SERVERNAME AS server_name,\n    DB_NAME() AS database_name,\n    o.object_id,\n    m.definition\nFROM sys.sql_modules m\nINNER JOIN sys.objects o ON m.object_id = o.object_id\nWHERE o.type IN ('V', 'P', 'FN', 'IF', 'TF')\n  AND OBJECT_SCHEMA_NAME(o.object_id) NOT IN (\n      'sys', 'INFORMATION_SCHEMA', 'tempdb', 'master', 'msdb', 'model'\n  )\n  AND o.is_ms_shipped = 0\n  AND m.definition IS NOT NULL;","queryTimeout":"02:00:00","partitionOption":"None","datasetSettings":{"annotations":[],"connectionSettings":{"name":"demodwh","properties":{"annotations":[],"type":"DataWarehouse","typeProperties":{"endpoint":"yndfhalt62tejhuwlqaqhskcgu-ixtg7yeyrxjuzondew5gtygzoa.datawarehouse.fabric.microsoft.com","artifactId":"[parameters('demodwh')]","workspaceId":"e06fe645-8d98-4cd3-b9a3-25ba69e0d970"},"externalReferences":{"connection":"beac3039-65e0-4a6b-8891-ef7cefafe767"}}},"type":"DataWarehouseTable","schema":[],"typeProperties":{}}},"sink":{"type":"FabricSqlDatabaseSink","preCopyScript":"drop table if exists raw.definitions;","writeBehavior":"insert","sqlWriterUseTableLock":false,"tableOption":"autoCreate","datasetSettings":{"annotations":[],"connectionSettings":{"name":"metalineage","properties":{"annotations":[],"type":"FabricSqlDatabase","typeProperties":{"workspaceId":"e06fe645-8d98-4cd3-b9a3-25ba69e0d970","artifactId":"[parameters('metalineage')]"},"externalReferences":{"connection":"0af9e0f8-1e97-40e0-9b07-58be18e06ae7"}}},"type":"FabricSqlDatabaseTable","schema":[],"typeProperties":{"schema":"raw","table":"definitions"}}},"enableStaging":false,"translator":{"type":"TabularTranslator","typeConversion":true,"typeConversionSettings":{"allowDataTruncation":true,"treatBooleanAsNumber":false}}}},{"name":"dependencies","type":"Copy","dependsOn":[],"policy":{"timeout":"0.12:00:00","retry":0,"retryIntervalInSeconds":30,"secureOutput":false,"secureInput":false},"typeProperties":{"source":{"type":"DataWarehouseSource","sqlReaderQuery":"SELECT\n    @@SERVERNAME AS server_name,\n    DB_NAME() AS database_name,\n    d.referencing_id AS referencing_object_id,\n    d.referenced_id AS referenced_object_id,\n    d.referenced_database_name, OBJECT_SCHEMA_NAME(d.referencing_id) AS referencing_schema_name,\n    OBJECT_NAME(d.referencing_id) AS referencing_entity_name,\n    d.referenced_schema_name,\n    d.referenced_entity_name,\n    o1.type_desc AS referencing_type,\n    o2.type_desc AS referenced_type\nFROM sys.sql_expression_dependencies d\nINNER JOIN sys.objects o1 ON d.referencing_id = o1.object_id\nLEFT JOIN sys.objects o2 ON d.referenced_id = o2.object_id\nWHERE d.referencing_id IS NOT NULL\n  AND o1.is_ms_shipped = 0\n  AND OBJECT_SCHEMA_NAME(d.referencing_id) NOT IN (\n      'sys', 'INFORMATION_SCHEMA', 'tempdb', 'master', 'msdb', 'model'\n  );","queryTimeout":"02:00:00","partitionOption":"None","datasetSettings":{"annotations":[],"connectionSettings":{"name":"demodwh","properties":{"annotations":[],"type":"DataWarehouse","typeProperties":{"endpoint":"yndfhalt62tejhuwlqaqhskcgu-ixtg7yeyrxjuzondew5gtygzoa.datawarehouse.fabric.microsoft.com","artifactId":"[parameters('demodwh')]","workspaceId":"e06fe645-8d98-4cd3-b9a3-25ba69e0d970"},"externalReferences":{"connection":"beac3039-65e0-4a6b-8891-ef7cefafe767"}}},"type":"DataWarehouseTable","schema":[],"typeProperties":{}}},"sink":{"type":"FabricSqlDatabaseSink","preCopyScript":"drop table if exists raw.dependencies;","writeBehavior":"insert","sqlWriterUseTableLock":false,"tableOption":"autoCreate","datasetSettings":{"annotations":[],"connectionSettings":{"name":"metalineage","properties":{"annotations":[],"type":"FabricSqlDatabase","typeProperties":{"workspaceId":"e06fe645-8d98-4cd3-b9a3-25ba69e0d970","artifactId":"[parameters('metalineage')]"},"externalReferences":{"connection":"0af9e0f8-1e97-40e0-9b07-58be18e06ae7"}}},"type":"FabricSqlDatabaseTable","schema":[],"typeProperties":{"schema":"raw","table":"dependencies"}}},"enableStaging":false,"translator":{"type":"TabularTranslator","typeConversion":true,"typeConversionSettings":{"allowDataTruncation":true,"treatBooleanAsNumber":false}}}},{"name":"table_columns","type":"Copy","dependsOn":[],"policy":{"timeout":"0.12:00:00","retry":0,"retryIntervalInSeconds":30,"secureOutput":false,"secureInput":false},"typeProperties":{"source":{"type":"DataWarehouseSource","sqlReaderQuery":"SELECT\n    @@SERVERNAME AS server_name,\n    DB_NAME() AS database_name,\n    c.object_id,\n    c.column_id,\n    c.name AS column_name,\n    TYPE_NAME(c.user_type_id) AS data_type,\n    c.max_length,\n    c.precision,\n    c.scale,\n    c.is_nullable,\n    c.is_identity,\n    OBJECT_SCHEMA_NAME(c.object_id) AS schema_name,\n    OBJECT_NAME(c.object_id) AS table_name\nFROM sys.columns c\nINNER JOIN sys.objects o ON c.object_id = o.object_id\nWHERE o.type = 'U'  -- Tables only (Views get DDL from sys.sql_modules)\n  AND OBJECT_SCHEMA_NAME(o.object_id) NOT IN (\n      'sys', 'INFORMATION_SCHEMA', 'tempdb', 'master', 'msdb', 'model'\n  )\n  AND o.is_ms_shipped = 0;","queryTimeout":"02:00:00","partitionOption":"None","datasetSettings":{"annotations":[],"connectionSettings":{"name":"demodwh","properties":{"annotations":[],"type":"DataWarehouse","typeProperties":{"endpoint":"yndfhalt62tejhuwlqaqhskcgu-ixtg7yeyrxjuzondew5gtygzoa.datawarehouse.fabric.microsoft.com","artifactId":"[parameters('demodwh')]","workspaceId":"e06fe645-8d98-4cd3-b9a3-25ba69e0d970"},"externalReferences":{"connection":"beac3039-65e0-4a6b-8891-ef7cefafe767"}}},"type":"DataWarehouseTable","schema":[],"typeProperties":{}}},"sink":{"type":"FabricSqlDatabaseSink","preCopyScript":"drop table if exists raw.table_columns;","writeBehavior":"insert","sqlWriterUseTableLock":false,"tableOption":"autoCreate","datasetSettings":{"annotations":[],"connectionSettings":{"name":"metalineage","properties":{"annotations":[],"type":"FabricSqlDatabase","typeProperties":{"workspaceId":"e06fe645-8d98-4cd3-b9a3-25ba69e0d970","artifactId":"[parameters('metalineage')]"},"externalReferences":{"connection":"0af9e0f8-1e97-40e0-9b07-58be18e06ae7"}}},"type":"FabricSqlDatabaseTable","schema":[],"typeProperties":{"schema":"raw","table":"table_columns"}}},"enableStaging":false,"translator":{"type":"TabularTranslator","typeConversion":true,"typeConversionSettings":{"allowDataTruncation":true,"treatBooleanAsNumber":false}}}},{"name":"Notebook","type":"TridentNotebook","dependsOn":[{"activity":"objects","dependencyConditions":["Succeeded"]},{"activity":"definitions","dependencyConditions":["Succeeded"]},{"activity":"dependencies","dependencyConditions":["Succeeded"]},{"activity":"table_columns","dependencyConditions":["Succeeded"]}],"policy":{"timeout":"0.12:00:00","retry":0,"retryIntervalInSeconds":30,"secureOutput":false,"secureInput":false},"typeProperties":{"notebookId":"d3c0d977-c42c-4ef2-9881-cff42509ccd9","workspaceId":"e06fe645-8d98-4cd3-b9a3-25ba69e0d970"}}],"lastModifiedByObjectId":"180e6d82-49e3-4ced-b772-4cd6ffac7cbc","lastPublishTime":"2026-01-03T10:05:39Z"},"dependsOn":[]}]}